1,hello-1,0,1
2,hello-2,1,2
3,hello-3,1,2
4,hello-4,1,2
5,hello-5,1,2
6,hello-6,2,3
7,hello-7,2,3
8,hello-8,2,3
9,hello-9,2,3
10,hello-10,3,3
11,hello-11,3,3
12,hello-12,3,3
13,hello-13,3,3
14,hello-14,4,3
15,hello-15,4,3
16,hello-16,4,3
17,hello-17,4,3
18,hello-18,5,3
19,hello-19,5,3
20,hello-20,5,3
21,hello-21,5,3
22,hello-22,6,4
23,hello-23,6,4
24,hello-24,6,4
25,hello-25,6,4
26,hello-26,7,4
27,hello-27,7,4
28,hello-28,7,4
29,hello-29,7,4
30,hello-30,8,4
31,hello-31,8,4
32,hello-32,8,4
33,hello-33,8,4
34,hello-34,9,4
35,hello-35,9,4
36,hello-36,10,4
37,hello-37,10,4
38,hello-38,11,4
39,hello-39,11,4
40,hello-40,11,4
41,hello-41,12,4
42,hello-42,12,4
43,hello-43,12,4
44,hello-44,12,4
45,hello-45,12,4
46,hello-46,13,4
47,hello-47,13,4
48,hello-48,14,4
49,hello-49,14,4
50,hello-50,15,4
51,hello-51,15,4
52,hello-52,15,4